{
    "title" : "Welcome to Flynn Lab macOS Onboarding",
    "message" : "Your computer setup is underway. Feel free to look around while we configure your Mac...",
    "blurscreen": false,
    "moveable": true,
    "ontop": false,
    "width": "800",
    "icon" : "/Library/Application Support/Microsoft/IntuneScripts/onBoarding/icons/Flynn-Lab.png",
    "centreicon": false,
    "iconsize" : "200",
    "listitem" : [
      {"title" : "Company Portal", "icon" : "/Library/Application Support/Microsoft/IntuneScripts/onBoarding/icons/CompanyPortal.png", "status" : "pending", "statustext" : "Pending"},
      {"title" : "Microsoft Remote Help", "icon" : "/Library/Application Support/Microsoft/IntuneScripts/onBoarding/icons/MicrosoftRemoteHelp.png", "status" : "pending", "statustext" : "Pending"},
      {"title" : "Privileges", "icon" : "/Library/Application Support/Microsoft/IntuneScripts/onBoarding/icons/Privileges2.png", "status" : "pending", "statustext" : "Pending"},
      {"title" : "Support", "icon" : "/Library/Application Support/Microsoft/IntuneScripts/onBoarding/icons/SupportApp.png", "status" : "pending", "statustext" : "Pending"},
      {"title" : "Device Rename", "icon" : "/Library/Application Support/Microsoft/IntuneScripts/onBoarding/icons/Settings.png", "status" : "pending", "statustext" : "Pending"},
      {"title" : "Set Timezone", "icon" : "/Library/Application Support/Microsoft/IntuneScripts/onBoarding/icons/Settings.png", "status" : "pending", "statustext" : "Pending"}
    ]
    "buttonarray": [
      {
        "buttontitle": "Contact IT Helpdesk",
        "buttonactiontype": "open",
        "buttonaction": "mailto:it-helpdesk@example.com?subject=Enrollment%20Issue&body=Please%20see%20attached%20enrollment%20log.&attachment=file:///Library/Application%20Support/Microsoft/IntuneScripts/onBoarding/onBoarding.log",
        "key": "i"
      }
    ]
  }